<?xml version="1.0" encoding="UTF-8" standalone="yes"?>
<transaction>
    <storeId>441</storeId>
    <transactionDetails>
        <date>12-07-2019</date>
        <delivery value1="Yes">
            <status>Deletion</status>
        </delivery>
        <paymentMode>Cash</paymentMode>
        <purchaseDetails orderId="1344">
            <item>
                <itemId>109</itemId>
                <itemName>Samsung</itemName>
                <price>13454.0</price>
                <quantity>1</quantity>
            </item>
            <orderId>1344</orderId>
            <totalAmount>189.0</totalAmount>
        </purchaseDetails>
    </transactionDetails>
</transaction>
