<?xml version="1.0" encoding="UTF-8" standalone="yes"?>
<transaction>
    <storeId>441</storeId>
    <transactionDetails>
        <date>2019-07-18</date>
        <delivery value1="No">
            <status>Completed</status>
        </delivery>
        <paymentMode>Credit</paymentMode>
        <purchaseDetails orderId="1345">
            <item>
                <itemId>10281213</itemId>
                <itemName>Doll</itemName>
                <price>2.3934</price>
                <quantity>1</quantity>
            </item>
            <orderId>1345</orderId>
            <totalAmount>202.3934</totalAmount>
        </purchaseDetails>
    </transactionDetails>
</transaction>
