<?xml version="1.0" encoding="UTF-8" standalone="yes"?>
<transaction>
    <storeId>441</storeId>
    <transactionDetails>
        <date>2019-07-15</date>
        <delivery value1="Yes">
            <status>Init</status>
        </delivery>
        <paymentMode>Debit</paymentMode>
        <purchaseDetails orderId="1346">
            <item>
                <itemId>102812111</itemId>
                <itemName>Chocolate</itemName>
                <price>25.3</price>
                <quantity>1</quantity>
            </item>
            <item>
                <itemId>102812112</itemId>
                <itemName>Biscuit</itemName>
                <price>30.8</price>
                <quantity>1</quantity>
            </item>
            <item>
                <itemId>102812113</itemId>
                <itemName>Ice-cream</itemName>
                <price>45.056</price>
                <quantity>1</quantity>
            </item>
            <orderId>1346</orderId>
            <totalAmount>101.156</totalAmount>
        </purchaseDetails>
    </transactionDetails>
</transaction>
