<?xml version="1.0" encoding="UTF-8" standalone="yes"?>
<transaction>
    <storeId>441</storeId>
    <transactionDetails>
        <date>12-07-2019</date>
        <delivery value1="Yes">
            <status>Del</status>
        </delivery>
        <paymentMode>Cash</paymentMode>
        <purchaseDetails orderId="1344">
            <item>
                <itemId>109</itemId>
                <itemName>Samsung</itemName>
                <price>13454.0</price>
                <quantity>1</quantity>
            </item>
            <orderId>1344</orderId>
            <totalAmount>189.0</totalAmount>
        </purchaseDetails>
    </transactionDetails>
    <transactionDetails>
        <date>2019-07-18</date>
        <delivery value1="No">
            <status>Completed</status>
        </delivery>
        <paymentMode>Credit</paymentMode>
        <purchaseDetails orderId="1345">
            <item>
                <itemId>10281213</itemId>
                <itemName>Doll</itemName>
                <price>2.3934</price>
                <quantity>1</quantity>
            </item>
            <orderId>1345</orderId>
            <totalAmount>202.3934</totalAmount>
        </purchaseDetails>
    </transactionDetails>
    <transactionDetails>
        <date>2019-07-15</date>
        <delivery value1="Yes">
            <status>Init</status>
        </delivery>
        <paymentMode>Debit</paymentMode>
        <purchaseDetails orderId="1346">
            <item>
                <itemId>102812111</itemId>
                <itemName>Chocolate</itemName>
                <price>25.3</price>
                <quantity>1</quantity>
            </item>
            <item>
                <itemId>102812112</itemId>
                <itemName>Biscuit</itemName>
                <price>30.8</price>
                <quantity>1</quantity>
            </item>
            <item>
                <itemId>102812113</itemId>
                <itemName>Ice-cream</itemName>
                <price>45.056</price>
                <quantity>1</quantity>
            </item>
            <orderId>1346</orderId>
            <totalAmount>101.156</totalAmount>
        </purchaseDetails>
    </transactionDetails>
</transaction>
