<?xml version="1.0" encoding="UTF-8" standalone="yes"?>
<transaction>
	<storeId>442</storeId>


	<transactionDetails>
		<date>14-08-2019</date>
		<purchaseDetails orderId="1441">
			<item>
				<itemId>101</itemId>
				<itemName>Caramel</itemName>
				<price>1456.46</price>
				<quantity>3</quantity>
			</item>

			<totalAmount>4369.38</totalAmount>
		</purchaseDetails>
		<delivery value1="Yes">
			<status>Delivered</status>
		</delivery>
		<paymentMode>Cash</paymentMode>
	</transactionDetails>




	<transactionDetails>
		<date>14-08-2018</date>
		<purchaseDetails orderId="1442">
			<item>
				<itemId>102</itemId>
				<itemName>Donuts</itemName>
				<price>75</price>
				<quantity>5</quantity>
			</item>
			<totalAmount>375</totalAmount>
		</purchaseDetails>
		<delivery value1="No">
			<status>Completed</status>
		</delivery>
		<paymentMode>Credit</paymentMode>
	</transactionDetails>


	<transactionDetails>
		<date>25-07-2019</date>
		<purchaseDetails orderId="1443">
			<item>
				<itemId>103</itemId>
				<itemName>Cutlets</itemName>
				<price>55</price>
				<quantity>1</quantity>
			</item>
			<item>
				<itemId>104</itemId>
				<itemName>Milkybar</itemName>
				<price>85</price>
				<quantity>2</quantity>
			</item>
			<item>
				<itemId>105</itemId>
				<itemName>Lotion</itemName>
				<price>105</price>
				<quantity>1</quantity>
			</item>
			<totalAmount>330</totalAmount>
		</purchaseDetails>
		<delivery value1="Yes">
			<status>Initiated</status>
		</delivery>
		<paymentMode>Debit</paymentMode>
	</transactionDetails>

</transaction>
