<?xml version="1.0" encoding="UTF-8" standalone="yes"?>
<transaction>
    <storeId>442</storeId>
    <transactionDetails>
        <date>14-08-2019</date>
        <delivery value1="Yes">
            <status>Delivered</status>
        </delivery>
        <paymentMode>Cash</paymentMode>
        <purchaseDetails orderId="1441">
            <item>
                <itemId>101</itemId>
                <itemName>Caramel</itemName>
                <price>1456.46</price>
                <quantity>3</quantity>
            </item>
            <orderId>1441</orderId>
            <totalAmount>4369.38</totalAmount>
        </purchaseDetails>
    </transactionDetails>
</transaction>
