<?xml version="1.0" encoding="UTF-8" standalone="yes"?>
<transaction>
    <storeId>442</storeId>
    <transactionDetails>
        <date>25-07-2019</date>
        <delivery value1="Yes">
            <status>Initiated</status>
        </delivery>
        <paymentMode>Debit</paymentMode>
        <purchaseDetails orderId="1443">
            <item>
                <itemId>103</itemId>
                <itemName>Cutlets</itemName>
                <price>55.0</price>
                <quantity>1</quantity>
            </item>
            <item>
                <itemId>104</itemId>
                <itemName>Milkybar</itemName>
                <price>85.0</price>
                <quantity>2</quantity>
            </item>
            <item>
                <itemId>105</itemId>
                <itemName>Lotion</itemName>
                <price>105.0</price>
                <quantity>1</quantity>
            </item>
            <orderId>1443</orderId>
            <totalAmount>330.0</totalAmount>
        </purchaseDetails>
    </transactionDetails>
</transaction>
