<?xml version="1.0" encoding="UTF-8" standalone="yes"?>
<transaction>
    <storeId>442</storeId>
    <transactionDetails>
        <date>14-08-2018</date>
        <delivery value1="No">
            <status>Delivery</status>
        </delivery>
        <paymentMode>Credit</paymentMode>
        <purchaseDetails orderId="1442">
            <item>
                <itemId>102</itemId>
                <itemName>Donuts</itemName>
                <price>75.0</price>
                <quantity>5</quantity>
            </item>
            <orderId>1442</orderId>
            <totalAmount>375.0</totalAmount>
        </purchaseDetails>
    </transactionDetails>
</transaction>
