<?xml version="1.0" encoding="UTF-8" standalone="yes"?>
<transaction>
	<storeId>1234</storeId>
	<transactionDetails>
		<date>21-10-2019</date>
		<delivery value1="Yes">
			<status>delivered</status>
		</delivery>
		<paymentMode>cash</paymentMode>
		<purchaseDetails orderId="123">
			<item>
				<itemId>109</itemId>
				<itemName>doll</itemName>
				<price>12.9</price>
				<quantity>1</quantity>
			</item>
			<orderId>123</orderId>
			<totalAmount>12.9</totalAmount>
		</purchaseDetails>
	</transactionDetails>
</transaction>