<?xml version="1.0" encoding="UTF-8" standalone="yes"?>
<transaction>
    <storeId>442</storeId>
    <transactionDetails>
        <date>14-08-2019</date>
        <delivery value1="Yes">
            <status>del</status>
        </delivery>
        <paymentMode>Cash</paymentMode>
        <purchaseDetails orderId="1441">
            <item>
                <itemId>101</itemId>
                <itemName>Caramel</itemName>
                <price>1456.46</price>
                <quantity>3</quantity>
            </item>
            <orderId>1441</orderId>
            <totalAmount>4369.38</totalAmount>
        </purchaseDetails>
    </transactionDetails>
    <transactionDetails>
        <date>14-08-2018</date>
        <delivery value1="No">
            <status>Delivery</status>
        </delivery>
        <paymentMode>Credit</paymentMode>
        <purchaseDetails orderId="1442">
            <item>
                <itemId>102</itemId>
                <itemName>Donuts</itemName>
                <price>75.0</price>
                <quantity>5</quantity>
            </item>
            <orderId>1442</orderId>
            <totalAmount>375.0</totalAmount>
        </purchaseDetails>
    </transactionDetails>
    <transactionDetails>
        <date>25-07-2019</date>
        <delivery value1="Yes">
            <status>test</status>
        </delivery>
        <paymentMode>Debit</paymentMode>
        <purchaseDetails orderId="1443">
            <item>
                <itemId>103</itemId>
                <itemName>Cutlets</itemName>
                <price>55.0</price>
                <quantity>1</quantity>
            </item>
            <item>
                <itemId>104</itemId>
                <itemName>Milkybar</itemName>
                <price>85.0</price>
                <quantity>2</quantity>
            </item>
            <item>
                <itemId>105</itemId>
                <itemName>Lotion</itemName>
                <price>105.0</price>
                <quantity>1</quantity>
            </item>
            <orderId>1443</orderId>
            <totalAmount>330.0</totalAmount>
        </purchaseDetails>
    </transactionDetails>
</transaction>
